,room,blockDate,block_status
0,BH JRI 02,2023-06-01,0
1,BH JRI 03,2023-06-01,0
2,BH JRI 04,2023-06-01,0
3,BH JRI 05,2023-06-01,0
4,BH JRI 06,2023-06-01,0
5,BH JRI 07,2023-06-01,0
6,BH JRI 08,2023-06-01,0
7,BH JRI 09,2023-06-01,0
8,STM ST OR 01,2023-06-01,0
9,STM ST OR 02,2023-06-01,0
10,STM ST OR 03,2023-06-01,0
11,STM ST OR 04,2023-06-01,0
12,STM ST OR 05,2023-06-01,0
13,STM ST OR 06,2023-06-01,0
14,STM ST OR 07,2023-06-01,0
15,STM ST OR 08,2023-06-01,0
16,STM ST OR 09,2023-06-01,0
17,STM ST OR 10,2023-06-01,0
18,STM ST OR 11,2023-06-01,0
19,STM ST OR 12,2023-06-01,0
20,STM ST OR 14,2023-06-01,0
21,STM ST OR 15,2023-06-01,0
22,STM ST OR 16,2023-06-01,0
23,STM ST OR 17,2023-06-01,0
24,STM ST OR 18,2023-06-01,0
25,STM ST OR Hybrid,2023-06-01,0
26,MT Cysto,2023-06-01,0
27,MT OR 01,2023-06-01,0
28,MT OR 02,2023-06-01,0
29,MT OR 03,2023-06-01,0
30,MT OR 04,2023-06-01,0
31,MT OR 05,2023-06-01,0
32,MT OR 06,2023-06-01,0
33,MT OR 07,2023-06-01,0
34,MT OR 08,2023-06-01,0
35,MT OR 09,2023-06-01,0
36,MT OR 10,2023-06-01,0
37,MT OR 11,2023-06-01,0
38,MT OR 12,2023-06-01,0
39,MT OR 14,2023-06-01,0
40,MT OR 15,2023-06-01,0
41,MT OR 16,2023-06-01,0
42,MT OR 17,2023-06-01,0
43,BH JRI 02,2023-06-02,0
44,BH JRI 03,2023-06-02,0
45,BH JRI 04,2023-06-02,0
46,BH JRI 05,2023-06-02,0
47,BH JRI 06,2023-06-02,0
48,BH JRI 07,2023-06-02,0
49,BH JRI 08,2023-06-02,0
50,BH JRI 09,2023-06-02,0
51,STM ST OR 01,2023-06-02,0
52,STM ST OR 02,2023-06-02,0
53,STM ST OR 03,2023-06-02,0
54,STM ST OR 04,2023-06-02,0
55,STM ST OR 05,2023-06-02,0
56,STM ST OR 06,2023-06-02,0
57,STM ST OR 07,2023-06-02,0
58,STM ST OR 08,2023-06-02,0
59,STM ST OR 09,2023-06-02,0
60,STM ST OR 10,2023-06-02,0
61,STM ST OR 11,2023-06-02,0
62,STM ST OR 12,2023-06-02,0
63,STM ST OR 14,2023-06-02,0
64,STM ST OR 15,2023-06-02,0
65,STM ST OR 16,2023-06-02,0
66,STM ST OR 17,2023-06-02,0
67,STM ST OR 18,2023-06-02,0
68,STM ST OR Hybrid,2023-06-02,0
69,MT Cysto,2023-06-02,0
70,MT OR 01,2023-06-02,0
71,MT OR 02,2023-06-02,0
72,MT OR 03,2023-06-02,0
73,MT OR 04,2023-06-02,0
74,MT OR 05,2023-06-02,0
75,MT OR 06,2023-06-02,0
76,MT OR 07,2023-06-02,0
77,MT OR 08,2023-06-02,0
78,MT OR 09,2023-06-02,0
79,MT OR 10,2023-06-02,0
80,MT OR 11,2023-06-02,0
81,MT OR 12,2023-06-02,0
82,MT OR 14,2023-06-02,0
83,MT OR 15,2023-06-02,0
84,MT OR 16,2023-06-02,0
85,MT OR 17,2023-06-02,0
86,BH JRI 02,2023-06-03,0
87,BH JRI 03,2023-06-03,0
88,BH JRI 04,2023-06-03,0
89,BH JRI 05,2023-06-03,0
90,BH JRI 06,2023-06-03,0
91,BH JRI 07,2023-06-03,0
92,BH JRI 08,2023-06-03,0
93,BH JRI 09,2023-06-03,0
94,STM ST OR 01,2023-06-03,0
95,STM ST OR 02,2023-06-03,0
96,STM ST OR 03,2023-06-03,0
97,STM ST OR 04,2023-06-03,0
98,STM ST OR 05,2023-06-03,0
99,STM ST OR 06,2023-06-03,0
100,STM ST OR 07,2023-06-03,0
101,STM ST OR 08,2023-06-03,0
102,STM ST OR 09,2023-06-03,0
103,STM ST OR 10,2023-06-03,0
104,STM ST OR 11,2023-06-03,0
105,STM ST OR 12,2023-06-03,0
106,STM ST OR 14,2023-06-03,0
107,STM ST OR 15,2023-06-03,0
108,STM ST OR 16,2023-06-03,0
109,STM ST OR 17,2023-06-03,0
110,STM ST OR 18,2023-06-03,0
111,STM ST OR Hybrid,2023-06-03,0
112,MT Cysto,2023-06-03,0
113,MT OR 01,2023-06-03,0
114,MT OR 02,2023-06-03,0
115,MT OR 03,2023-06-03,0
116,MT OR 04,2023-06-03,0
117,MT OR 05,2023-06-03,0
118,MT OR 06,2023-06-03,0
119,MT OR 07,2023-06-03,0
120,MT OR 08,2023-06-03,0
121,MT OR 09,2023-06-03,0
122,MT OR 10,2023-06-03,0
123,MT OR 11,2023-06-03,0
124,MT OR 12,2023-06-03,0
125,MT OR 14,2023-06-03,0
126,MT OR 15,2023-06-03,0
127,MT OR 16,2023-06-03,0
128,MT OR 17,2023-06-03,0
129,BH JRI 02,2023-06-04,0
130,BH JRI 03,2023-06-04,0
131,BH JRI 04,2023-06-04,0
132,BH JRI 05,2023-06-04,0
133,BH JRI 06,2023-06-04,0
134,BH JRI 07,2023-06-04,0
135,BH JRI 08,2023-06-04,0
136,BH JRI 09,2023-06-04,0
137,STM ST OR 01,2023-06-04,0
138,STM ST OR 02,2023-06-04,0
139,STM ST OR 03,2023-06-04,0
140,STM ST OR 04,2023-06-04,0
141,STM ST OR 05,2023-06-04,0
142,STM ST OR 06,2023-06-04,0
143,STM ST OR 07,2023-06-04,0
144,STM ST OR 08,2023-06-04,0
145,STM ST OR 09,2023-06-04,0
146,STM ST OR 10,2023-06-04,0
147,STM ST OR 11,2023-06-04,0
148,STM ST OR 12,2023-06-04,0
149,STM ST OR 14,2023-06-04,0
150,STM ST OR 15,2023-06-04,0
151,STM ST OR 16,2023-06-04,0
152,STM ST OR 17,2023-06-04,0
153,STM ST OR 18,2023-06-04,0
154,STM ST OR Hybrid,2023-06-04,0
155,MT Cysto,2023-06-04,0
156,MT OR 01,2023-06-04,0
157,MT OR 02,2023-06-04,0
158,MT OR 03,2023-06-04,0
159,MT OR 04,2023-06-04,0
160,MT OR 05,2023-06-04,0
161,MT OR 06,2023-06-04,0
162,MT OR 07,2023-06-04,0
163,MT OR 08,2023-06-04,0
164,MT OR 09,2023-06-04,0
165,MT OR 10,2023-06-04,0
166,MT OR 11,2023-06-04,0
167,MT OR 12,2023-06-04,0
168,MT OR 14,2023-06-04,0
169,MT OR 15,2023-06-04,0
170,MT OR 16,2023-06-04,0
171,MT OR 17,2023-06-04,0
172,BH JRI 02,2023-06-05,0
173,BH JRI 03,2023-06-05,0
174,BH JRI 04,2023-06-05,0
175,BH JRI 05,2023-06-05,0
176,BH JRI 06,2023-06-05,0
177,BH JRI 07,2023-06-05,0
178,BH JRI 08,2023-06-05,0
179,BH JRI 09,2023-06-05,0
180,STM ST OR 01,2023-06-05,0
181,STM ST OR 02,2023-06-05,0
182,STM ST OR 03,2023-06-05,0
183,STM ST OR 04,2023-06-05,0
184,STM ST OR 05,2023-06-05,0
185,STM ST OR 06,2023-06-05,0
186,STM ST OR 07,2023-06-05,0
187,STM ST OR 08,2023-06-05,0
188,STM ST OR 09,2023-06-05,0
189,STM ST OR 10,2023-06-05,0
190,STM ST OR 11,2023-06-05,0
191,STM ST OR 12,2023-06-05,0
192,STM ST OR 14,2023-06-05,0
193,STM ST OR 15,2023-06-05,0
194,STM ST OR 16,2023-06-05,0
195,STM ST OR 17,2023-06-05,0
196,STM ST OR 18,2023-06-05,0
197,STM ST OR Hybrid,2023-06-05,0
198,MT Cysto,2023-06-05,0
199,MT OR 01,2023-06-05,0
200,MT OR 02,2023-06-05,0
201,MT OR 03,2023-06-05,0
202,MT OR 04,2023-06-05,0
203,MT OR 05,2023-06-05,0
204,MT OR 06,2023-06-05,0
205,MT OR 07,2023-06-05,0
206,MT OR 08,2023-06-05,0
207,MT OR 09,2023-06-05,0
208,MT OR 10,2023-06-05,0
209,MT OR 11,2023-06-05,0
210,MT OR 12,2023-06-05,0
211,MT OR 14,2023-06-05,0
212,MT OR 15,2023-06-05,0
213,MT OR 16,2023-06-05,0
214,MT OR 17,2023-06-05,0
215,BH JRI 02,2023-06-06,0
216,BH JRI 03,2023-06-06,0
217,BH JRI 04,2023-06-06,0
218,BH JRI 05,2023-06-06,0
219,BH JRI 06,2023-06-06,0
220,BH JRI 07,2023-06-06,0
221,BH JRI 08,2023-06-06,0
222,BH JRI 09,2023-06-06,0
223,STM ST OR 01,2023-06-06,0
224,STM ST OR 02,2023-06-06,0
225,STM ST OR 03,2023-06-06,0
226,STM ST OR 04,2023-06-06,0
227,STM ST OR 05,2023-06-06,0
228,STM ST OR 06,2023-06-06,0
229,STM ST OR 07,2023-06-06,0
230,STM ST OR 08,2023-06-06,0
231,STM ST OR 09,2023-06-06,0
232,STM ST OR 10,2023-06-06,0
233,STM ST OR 11,2023-06-06,0
234,STM ST OR 12,2023-06-06,0
235,STM ST OR 14,2023-06-06,0
236,STM ST OR 15,2023-06-06,0
237,STM ST OR 16,2023-06-06,0
238,STM ST OR 17,2023-06-06,0
239,STM ST OR 18,2023-06-06,0
240,STM ST OR Hybrid,2023-06-06,0
241,MT Cysto,2023-06-06,0
242,MT OR 01,2023-06-06,0
243,MT OR 02,2023-06-06,0
244,MT OR 03,2023-06-06,0
245,MT OR 04,2023-06-06,0
246,MT OR 05,2023-06-06,0
247,MT OR 06,2023-06-06,0
248,MT OR 07,2023-06-06,0
249,MT OR 08,2023-06-06,0
250,MT OR 09,2023-06-06,0
251,MT OR 10,2023-06-06,0
252,MT OR 11,2023-06-06,0
253,MT OR 12,2023-06-06,0
254,MT OR 14,2023-06-06,0
255,MT OR 15,2023-06-06,0
256,MT OR 16,2023-06-06,0
257,MT OR 17,2023-06-06,0
258,BH JRI 02,2023-06-07,0
259,BH JRI 03,2023-06-07,0
260,BH JRI 04,2023-06-07,0
261,BH JRI 05,2023-06-07,0
262,BH JRI 06,2023-06-07,0
263,BH JRI 07,2023-06-07,0
264,BH JRI 08,2023-06-07,0
265,BH JRI 09,2023-06-07,0
266,STM ST OR 01,2023-06-07,0
267,STM ST OR 02,2023-06-07,0
268,STM ST OR 03,2023-06-07,0
269,STM ST OR 04,2023-06-07,0
270,STM ST OR 05,2023-06-07,0
271,STM ST OR 06,2023-06-07,0
272,STM ST OR 07,2023-06-07,0
273,STM ST OR 08,2023-06-07,0
274,STM ST OR 09,2023-06-07,0
275,STM ST OR 10,2023-06-07,0
276,STM ST OR 11,2023-06-07,0
277,STM ST OR 12,2023-06-07,0
278,STM ST OR 14,2023-06-07,0
279,STM ST OR 15,2023-06-07,0
280,STM ST OR 16,2023-06-07,0
281,STM ST OR 17,2023-06-07,0
282,STM ST OR 18,2023-06-07,0
283,STM ST OR Hybrid,2023-06-07,0
284,MT Cysto,2023-06-07,0
285,MT OR 01,2023-06-07,0
286,MT OR 02,2023-06-07,0
287,MT OR 03,2023-06-07,0
288,MT OR 04,2023-06-07,0
289,MT OR 05,2023-06-07,0
290,MT OR 06,2023-06-07,0
291,MT OR 07,2023-06-07,0
292,MT OR 08,2023-06-07,0
293,MT OR 09,2023-06-07,0
294,MT OR 10,2023-06-07,0
295,MT OR 11,2023-06-07,0
296,MT OR 12,2023-06-07,0
297,MT OR 14,2023-06-07,0
298,MT OR 15,2023-06-07,0
299,MT OR 16,2023-06-07,0
300,MT OR 17,2023-06-07,0
301,BH JRI 02,2023-06-08,0
302,BH JRI 03,2023-06-08,0
303,BH JRI 04,2023-06-08,0
304,BH JRI 05,2023-06-08,0
305,BH JRI 06,2023-06-08,0
306,BH JRI 07,2023-06-08,0
307,BH JRI 08,2023-06-08,0
308,BH JRI 09,2023-06-08,0
309,STM ST OR 01,2023-06-08,0
310,STM ST OR 02,2023-06-08,0
311,STM ST OR 03,2023-06-08,0
312,STM ST OR 04,2023-06-08,0
313,STM ST OR 05,2023-06-08,0
314,STM ST OR 06,2023-06-08,0
315,STM ST OR 07,2023-06-08,0
316,STM ST OR 08,2023-06-08,0
317,STM ST OR 09,2023-06-08,0
318,STM ST OR 10,2023-06-08,0
319,STM ST OR 11,2023-06-08,0
320,STM ST OR 12,2023-06-08,0
321,STM ST OR 14,2023-06-08,0
322,STM ST OR 15,2023-06-08,0
323,STM ST OR 16,2023-06-08,0
324,STM ST OR 17,2023-06-08,0
325,STM ST OR 18,2023-06-08,0
326,STM ST OR Hybrid,2023-06-08,0
327,MT Cysto,2023-06-08,0
328,MT OR 01,2023-06-08,0
329,MT OR 02,2023-06-08,0
330,MT OR 03,2023-06-08,0
331,MT OR 04,2023-06-08,0
332,MT OR 05,2023-06-08,0
333,MT OR 06,2023-06-08,0
334,MT OR 07,2023-06-08,0
335,MT OR 08,2023-06-08,0
336,MT OR 09,2023-06-08,0
337,MT OR 10,2023-06-08,0
338,MT OR 11,2023-06-08,0
339,MT OR 12,2023-06-08,0
340,MT OR 14,2023-06-08,0
341,MT OR 15,2023-06-08,0
342,MT OR 16,2023-06-08,0
343,MT OR 17,2023-06-08,0
344,BH JRI 02,2023-06-09,0
345,BH JRI 03,2023-06-09,0
346,BH JRI 04,2023-06-09,0
347,BH JRI 05,2023-06-09,0
348,BH JRI 06,2023-06-09,0
349,BH JRI 07,2023-06-09,0
350,BH JRI 08,2023-06-09,0
351,BH JRI 09,2023-06-09,0
352,STM ST OR 01,2023-06-09,0
353,STM ST OR 02,2023-06-09,0
354,STM ST OR 03,2023-06-09,0
355,STM ST OR 04,2023-06-09,0
356,STM ST OR 05,2023-06-09,0
357,STM ST OR 06,2023-06-09,0
358,STM ST OR 07,2023-06-09,0
359,STM ST OR 08,2023-06-09,0
360,STM ST OR 09,2023-06-09,0
361,STM ST OR 10,2023-06-09,0
362,STM ST OR 11,2023-06-09,0
363,STM ST OR 12,2023-06-09,0
364,STM ST OR 14,2023-06-09,0
365,STM ST OR 15,2023-06-09,0
366,STM ST OR 16,2023-06-09,0
367,STM ST OR 17,2023-06-09,0
368,STM ST OR 18,2023-06-09,0
369,STM ST OR Hybrid,2023-06-09,0
370,MT Cysto,2023-06-09,0
371,MT OR 01,2023-06-09,0
372,MT OR 02,2023-06-09,0
373,MT OR 03,2023-06-09,0
374,MT OR 04,2023-06-09,0
375,MT OR 05,2023-06-09,0
376,MT OR 06,2023-06-09,0
377,MT OR 07,2023-06-09,0
378,MT OR 08,2023-06-09,0
379,MT OR 09,2023-06-09,0
380,MT OR 10,2023-06-09,0
381,MT OR 11,2023-06-09,0
382,MT OR 12,2023-06-09,0
383,MT OR 14,2023-06-09,0
384,MT OR 15,2023-06-09,0
385,MT OR 16,2023-06-09,0
386,MT OR 17,2023-06-09,0
387,BH JRI 02,2023-06-10,0
388,BH JRI 03,2023-06-10,0
389,BH JRI 04,2023-06-10,0
390,BH JRI 05,2023-06-10,0
391,BH JRI 06,2023-06-10,0
392,BH JRI 07,2023-06-10,0
393,BH JRI 08,2023-06-10,0
394,BH JRI 09,2023-06-10,0
395,STM ST OR 01,2023-06-10,0
396,STM ST OR 02,2023-06-10,0
397,STM ST OR 03,2023-06-10,0
398,STM ST OR 04,2023-06-10,0
399,STM ST OR 05,2023-06-10,0
400,STM ST OR 06,2023-06-10,0
401,STM ST OR 07,2023-06-10,0
402,STM ST OR 08,2023-06-10,0
403,STM ST OR 09,2023-06-10,0
404,STM ST OR 10,2023-06-10,0
405,STM ST OR 11,2023-06-10,0
406,STM ST OR 12,2023-06-10,0
407,STM ST OR 14,2023-06-10,0
408,STM ST OR 15,2023-06-10,0
409,STM ST OR 16,2023-06-10,0
410,STM ST OR 17,2023-06-10,0
411,STM ST OR 18,2023-06-10,0
412,STM ST OR Hybrid,2023-06-10,0
413,MT Cysto,2023-06-10,0
414,MT OR 01,2023-06-10,0
415,MT OR 02,2023-06-10,0
416,MT OR 03,2023-06-10,0
417,MT OR 04,2023-06-10,0
418,MT OR 05,2023-06-10,0
419,MT OR 06,2023-06-10,0
420,MT OR 07,2023-06-10,0
421,MT OR 08,2023-06-10,0
422,MT OR 09,2023-06-10,0
423,MT OR 10,2023-06-10,0
424,MT OR 11,2023-06-10,0
425,MT OR 12,2023-06-10,0
426,MT OR 14,2023-06-10,0
427,MT OR 15,2023-06-10,0
428,MT OR 16,2023-06-10,0
429,MT OR 17,2023-06-10,0
430,BH JRI 02,2023-06-11,0
431,BH JRI 03,2023-06-11,0
432,BH JRI 04,2023-06-11,0
433,BH JRI 05,2023-06-11,0
434,BH JRI 06,2023-06-11,0
435,BH JRI 07,2023-06-11,0
436,BH JRI 08,2023-06-11,0
437,BH JRI 09,2023-06-11,0
438,STM ST OR 01,2023-06-11,0
439,STM ST OR 02,2023-06-11,0
440,STM ST OR 03,2023-06-11,0
441,STM ST OR 04,2023-06-11,0
442,STM ST OR 05,2023-06-11,0
443,STM ST OR 06,2023-06-11,0
444,STM ST OR 07,2023-06-11,0
445,STM ST OR 08,2023-06-11,0
446,STM ST OR 09,2023-06-11,0
447,STM ST OR 10,2023-06-11,0
448,STM ST OR 11,2023-06-11,0
449,STM ST OR 12,2023-06-11,0
450,STM ST OR 14,2023-06-11,0
451,STM ST OR 15,2023-06-11,0
452,STM ST OR 16,2023-06-11,0
453,STM ST OR 17,2023-06-11,0
454,STM ST OR 18,2023-06-11,0
455,STM ST OR Hybrid,2023-06-11,0
456,MT Cysto,2023-06-11,0
457,MT OR 01,2023-06-11,0
458,MT OR 02,2023-06-11,0
459,MT OR 03,2023-06-11,0
460,MT OR 04,2023-06-11,0
461,MT OR 05,2023-06-11,0
462,MT OR 06,2023-06-11,0
463,MT OR 07,2023-06-11,0
464,MT OR 08,2023-06-11,0
465,MT OR 09,2023-06-11,0
466,MT OR 10,2023-06-11,0
467,MT OR 11,2023-06-11,0
468,MT OR 12,2023-06-11,0
469,MT OR 14,2023-06-11,0
470,MT OR 15,2023-06-11,0
471,MT OR 16,2023-06-11,0
472,MT OR 17,2023-06-11,0
473,BH JRI 02,2023-06-12,0
474,BH JRI 03,2023-06-12,0
475,BH JRI 04,2023-06-12,0
476,BH JRI 05,2023-06-12,0
477,BH JRI 06,2023-06-12,0
478,BH JRI 07,2023-06-12,0
479,BH JRI 08,2023-06-12,0
480,BH JRI 09,2023-06-12,0
481,STM ST OR 01,2023-06-12,0
482,STM ST OR 02,2023-06-12,0
483,STM ST OR 03,2023-06-12,0
484,STM ST OR 04,2023-06-12,0
485,STM ST OR 05,2023-06-12,0
486,STM ST OR 06,2023-06-12,0
487,STM ST OR 07,2023-06-12,0
488,STM ST OR 08,2023-06-12,0
489,STM ST OR 09,2023-06-12,0
490,STM ST OR 10,2023-06-12,0
491,STM ST OR 11,2023-06-12,0
492,STM ST OR 12,2023-06-12,0
493,STM ST OR 14,2023-06-12,0
494,STM ST OR 15,2023-06-12,0
495,STM ST OR 16,2023-06-12,0
496,STM ST OR 17,2023-06-12,0
497,STM ST OR 18,2023-06-12,0
498,STM ST OR Hybrid,2023-06-12,0
499,MT Cysto,2023-06-12,0
500,MT OR 01,2023-06-12,0
501,MT OR 02,2023-06-12,0
502,MT OR 03,2023-06-12,0
503,MT OR 04,2023-06-12,0
504,MT OR 05,2023-06-12,0
505,MT OR 06,2023-06-12,0
506,MT OR 07,2023-06-12,0
507,MT OR 08,2023-06-12,0
508,MT OR 09,2023-06-12,0
509,MT OR 10,2023-06-12,0
510,MT OR 11,2023-06-12,0
511,MT OR 12,2023-06-12,0
512,MT OR 14,2023-06-12,0
513,MT OR 15,2023-06-12,0
514,MT OR 16,2023-06-12,0
515,MT OR 17,2023-06-12,0
516,BH JRI 02,2023-06-13,0
517,BH JRI 03,2023-06-13,0
518,BH JRI 04,2023-06-13,0
519,BH JRI 05,2023-06-13,0
520,BH JRI 06,2023-06-13,0
521,BH JRI 07,2023-06-13,0
522,BH JRI 08,2023-06-13,0
523,BH JRI 09,2023-06-13,0
524,STM ST OR 01,2023-06-13,0
525,STM ST OR 02,2023-06-13,0
526,STM ST OR 03,2023-06-13,0
527,STM ST OR 04,2023-06-13,0
528,STM ST OR 05,2023-06-13,0
529,STM ST OR 06,2023-06-13,0
530,STM ST OR 07,2023-06-13,0
531,STM ST OR 08,2023-06-13,0
532,STM ST OR 09,2023-06-13,0
533,STM ST OR 10,2023-06-13,0
534,STM ST OR 11,2023-06-13,0
535,STM ST OR 12,2023-06-13,0
536,STM ST OR 14,2023-06-13,0
537,STM ST OR 15,2023-06-13,0
538,STM ST OR 16,2023-06-13,0
539,STM ST OR 17,2023-06-13,0
540,STM ST OR 18,2023-06-13,0
541,STM ST OR Hybrid,2023-06-13,0
542,MT Cysto,2023-06-13,0
543,MT OR 01,2023-06-13,0
544,MT OR 02,2023-06-13,0
545,MT OR 03,2023-06-13,0
546,MT OR 04,2023-06-13,0
547,MT OR 05,2023-06-13,0
548,MT OR 06,2023-06-13,0
549,MT OR 07,2023-06-13,0
550,MT OR 08,2023-06-13,0
551,MT OR 09,2023-06-13,0
552,MT OR 10,2023-06-13,0
553,MT OR 11,2023-06-13,0
554,MT OR 12,2023-06-13,0
555,MT OR 14,2023-06-13,0
556,MT OR 15,2023-06-13,0
557,MT OR 16,2023-06-13,0
558,MT OR 17,2023-06-13,0
559,BH JRI 02,2023-06-14,0
560,BH JRI 03,2023-06-14,0
561,BH JRI 04,2023-06-14,0
562,BH JRI 05,2023-06-14,0
563,BH JRI 06,2023-06-14,0
564,BH JRI 07,2023-06-14,0
565,BH JRI 08,2023-06-14,0
566,BH JRI 09,2023-06-14,0
567,STM ST OR 01,2023-06-14,0
568,STM ST OR 02,2023-06-14,0
569,STM ST OR 03,2023-06-14,0
570,STM ST OR 04,2023-06-14,0
571,STM ST OR 05,2023-06-14,0
572,STM ST OR 06,2023-06-14,0
573,STM ST OR 07,2023-06-14,0
574,STM ST OR 08,2023-06-14,0
575,STM ST OR 09,2023-06-14,0
576,STM ST OR 10,2023-06-14,0
577,STM ST OR 11,2023-06-14,0
578,STM ST OR 12,2023-06-14,0
579,STM ST OR 14,2023-06-14,0
580,STM ST OR 15,2023-06-14,0
581,STM ST OR 16,2023-06-14,0
582,STM ST OR 17,2023-06-14,0
583,STM ST OR 18,2023-06-14,0
584,STM ST OR Hybrid,2023-06-14,0
585,MT Cysto,2023-06-14,0
586,MT OR 01,2023-06-14,0
587,MT OR 02,2023-06-14,0
588,MT OR 03,2023-06-14,0
589,MT OR 04,2023-06-14,0
590,MT OR 05,2023-06-14,0
591,MT OR 06,2023-06-14,0
592,MT OR 07,2023-06-14,0
593,MT OR 08,2023-06-14,0
594,MT OR 09,2023-06-14,0
595,MT OR 10,2023-06-14,0
596,MT OR 11,2023-06-14,0
597,MT OR 12,2023-06-14,0
598,MT OR 14,2023-06-14,0
599,MT OR 15,2023-06-14,0
600,MT OR 16,2023-06-14,0
601,MT OR 17,2023-06-14,0
602,BH JRI 02,2023-06-15,0
603,BH JRI 03,2023-06-15,0
604,BH JRI 04,2023-06-15,0
605,BH JRI 05,2023-06-15,0
606,BH JRI 06,2023-06-15,0
607,BH JRI 07,2023-06-15,0
608,BH JRI 08,2023-06-15,0
609,BH JRI 09,2023-06-15,0
610,STM ST OR 01,2023-06-15,0
611,STM ST OR 02,2023-06-15,0
612,STM ST OR 03,2023-06-15,0
613,STM ST OR 04,2023-06-15,0
614,STM ST OR 05,2023-06-15,0
615,STM ST OR 06,2023-06-15,0
616,STM ST OR 07,2023-06-15,0
617,STM ST OR 08,2023-06-15,0
618,STM ST OR 09,2023-06-15,0
619,STM ST OR 10,2023-06-15,0
620,STM ST OR 11,2023-06-15,0
621,STM ST OR 12,2023-06-15,0
622,STM ST OR 14,2023-06-15,0
623,STM ST OR 15,2023-06-15,0
624,STM ST OR 16,2023-06-15,0
625,STM ST OR 17,2023-06-15,0
626,STM ST OR 18,2023-06-15,0
627,STM ST OR Hybrid,2023-06-15,0
628,MT Cysto,2023-06-15,0
629,MT OR 01,2023-06-15,0
630,MT OR 02,2023-06-15,0
631,MT OR 03,2023-06-15,0
632,MT OR 04,2023-06-15,0
633,MT OR 05,2023-06-15,0
634,MT OR 06,2023-06-15,0
635,MT OR 07,2023-06-15,0
636,MT OR 08,2023-06-15,0
637,MT OR 09,2023-06-15,0
638,MT OR 10,2023-06-15,0
639,MT OR 11,2023-06-15,0
640,MT OR 12,2023-06-15,0
641,MT OR 14,2023-06-15,0
642,MT OR 15,2023-06-15,0
643,MT OR 16,2023-06-15,0
644,MT OR 17,2023-06-15,0
645,BH JRI 02,2023-06-16,0
646,BH JRI 03,2023-06-16,0
647,BH JRI 04,2023-06-16,0
648,BH JRI 05,2023-06-16,0
649,BH JRI 06,2023-06-16,0
650,BH JRI 07,2023-06-16,0
651,BH JRI 08,2023-06-16,0
652,BH JRI 09,2023-06-16,0
653,STM ST OR 01,2023-06-16,0
654,STM ST OR 02,2023-06-16,0
655,STM ST OR 03,2023-06-16,0
656,STM ST OR 04,2023-06-16,0
657,STM ST OR 05,2023-06-16,0
658,STM ST OR 06,2023-06-16,0
659,STM ST OR 07,2023-06-16,0
660,STM ST OR 08,2023-06-16,0
661,STM ST OR 09,2023-06-16,0
662,STM ST OR 10,2023-06-16,0
663,STM ST OR 11,2023-06-16,0
664,STM ST OR 12,2023-06-16,0
665,STM ST OR 14,2023-06-16,0
666,STM ST OR 15,2023-06-16,0
667,STM ST OR 16,2023-06-16,0
668,STM ST OR 17,2023-06-16,0
669,STM ST OR 18,2023-06-16,0
670,STM ST OR Hybrid,2023-06-16,0
671,MT Cysto,2023-06-16,0
672,MT OR 01,2023-06-16,0
673,MT OR 02,2023-06-16,0
674,MT OR 03,2023-06-16,0
675,MT OR 04,2023-06-16,0
676,MT OR 05,2023-06-16,0
677,MT OR 06,2023-06-16,0
678,MT OR 07,2023-06-16,0
679,MT OR 08,2023-06-16,0
680,MT OR 09,2023-06-16,0
681,MT OR 10,2023-06-16,0
682,MT OR 11,2023-06-16,0
683,MT OR 12,2023-06-16,0
684,MT OR 14,2023-06-16,0
685,MT OR 15,2023-06-16,0
686,MT OR 16,2023-06-16,0
687,MT OR 17,2023-06-16,0
688,BH JRI 02,2023-06-17,0
689,BH JRI 03,2023-06-17,0
690,BH JRI 04,2023-06-17,0
691,BH JRI 05,2023-06-17,0
692,BH JRI 06,2023-06-17,0
693,BH JRI 07,2023-06-17,0
694,BH JRI 08,2023-06-17,0
695,BH JRI 09,2023-06-17,0
696,STM ST OR 01,2023-06-17,0
697,STM ST OR 02,2023-06-17,0
698,STM ST OR 03,2023-06-17,0
699,STM ST OR 04,2023-06-17,0
700,STM ST OR 05,2023-06-17,0
701,STM ST OR 06,2023-06-17,0
702,STM ST OR 07,2023-06-17,0
703,STM ST OR 08,2023-06-17,0
704,STM ST OR 09,2023-06-17,0
705,STM ST OR 10,2023-06-17,0
706,STM ST OR 11,2023-06-17,0
707,STM ST OR 12,2023-06-17,0
708,STM ST OR 14,2023-06-17,0
709,STM ST OR 15,2023-06-17,0
710,STM ST OR 16,2023-06-17,0
711,STM ST OR 17,2023-06-17,0
712,STM ST OR 18,2023-06-17,0
713,STM ST OR Hybrid,2023-06-17,0
714,MT Cysto,2023-06-17,0
715,MT OR 01,2023-06-17,0
716,MT OR 02,2023-06-17,0
717,MT OR 03,2023-06-17,0
718,MT OR 04,2023-06-17,0
719,MT OR 05,2023-06-17,0
720,MT OR 06,2023-06-17,0
721,MT OR 07,2023-06-17,0
722,MT OR 08,2023-06-17,0
723,MT OR 09,2023-06-17,0
724,MT OR 10,2023-06-17,0
725,MT OR 11,2023-06-17,0
726,MT OR 12,2023-06-17,0
727,MT OR 14,2023-06-17,0
728,MT OR 15,2023-06-17,0
729,MT OR 16,2023-06-17,0
730,MT OR 17,2023-06-17,0
731,BH JRI 02,2023-06-18,0
732,BH JRI 03,2023-06-18,0
733,BH JRI 04,2023-06-18,0
734,BH JRI 05,2023-06-18,0
735,BH JRI 06,2023-06-18,0
736,BH JRI 07,2023-06-18,0
737,BH JRI 08,2023-06-18,0
738,BH JRI 09,2023-06-18,0
739,STM ST OR 01,2023-06-18,0
740,STM ST OR 02,2023-06-18,0
741,STM ST OR 03,2023-06-18,0
742,STM ST OR 04,2023-06-18,0
743,STM ST OR 05,2023-06-18,0
744,STM ST OR 06,2023-06-18,0
745,STM ST OR 07,2023-06-18,0
746,STM ST OR 08,2023-06-18,0
747,STM ST OR 09,2023-06-18,0
748,STM ST OR 10,2023-06-18,0
749,STM ST OR 11,2023-06-18,0
750,STM ST OR 12,2023-06-18,0
751,STM ST OR 14,2023-06-18,0
752,STM ST OR 15,2023-06-18,0
753,STM ST OR 16,2023-06-18,0
754,STM ST OR 17,2023-06-18,0
755,STM ST OR 18,2023-06-18,0
756,STM ST OR Hybrid,2023-06-18,0
757,MT Cysto,2023-06-18,0
758,MT OR 01,2023-06-18,0
759,MT OR 02,2023-06-18,0
760,MT OR 03,2023-06-18,0
761,MT OR 04,2023-06-18,0
762,MT OR 05,2023-06-18,0
763,MT OR 06,2023-06-18,0
764,MT OR 07,2023-06-18,0
765,MT OR 08,2023-06-18,0
766,MT OR 09,2023-06-18,0
767,MT OR 10,2023-06-18,0
768,MT OR 11,2023-06-18,0
769,MT OR 12,2023-06-18,0
770,MT OR 14,2023-06-18,0
771,MT OR 15,2023-06-18,0
772,MT OR 16,2023-06-18,0
773,MT OR 17,2023-06-18,0
774,BH JRI 02,2023-06-19,0
775,BH JRI 03,2023-06-19,0
776,BH JRI 04,2023-06-19,0
777,BH JRI 05,2023-06-19,0
778,BH JRI 06,2023-06-19,0
779,BH JRI 07,2023-06-19,0
780,BH JRI 08,2023-06-19,0
781,BH JRI 09,2023-06-19,0
782,STM ST OR 01,2023-06-19,0
783,STM ST OR 02,2023-06-19,0
784,STM ST OR 03,2023-06-19,0
785,STM ST OR 04,2023-06-19,0
786,STM ST OR 05,2023-06-19,0
787,STM ST OR 06,2023-06-19,0
788,STM ST OR 07,2023-06-19,0
789,STM ST OR 08,2023-06-19,0
790,STM ST OR 09,2023-06-19,0
791,STM ST OR 10,2023-06-19,0
792,STM ST OR 11,2023-06-19,0
793,STM ST OR 12,2023-06-19,0
794,STM ST OR 14,2023-06-19,0
795,STM ST OR 15,2023-06-19,0
796,STM ST OR 16,2023-06-19,0
797,STM ST OR 17,2023-06-19,0
798,STM ST OR 18,2023-06-19,0
799,STM ST OR Hybrid,2023-06-19,0
800,MT Cysto,2023-06-19,0
801,MT OR 01,2023-06-19,0
802,MT OR 02,2023-06-19,0
803,MT OR 03,2023-06-19,0
804,MT OR 04,2023-06-19,0
805,MT OR 05,2023-06-19,0
806,MT OR 06,2023-06-19,0
807,MT OR 07,2023-06-19,0
808,MT OR 08,2023-06-19,0
809,MT OR 09,2023-06-19,0
810,MT OR 10,2023-06-19,0
811,MT OR 11,2023-06-19,0
812,MT OR 12,2023-06-19,0
813,MT OR 14,2023-06-19,0
814,MT OR 15,2023-06-19,0
815,MT OR 16,2023-06-19,0
816,MT OR 17,2023-06-19,0
817,BH JRI 02,2023-06-20,0
818,BH JRI 03,2023-06-20,0
819,BH JRI 04,2023-06-20,0
820,BH JRI 05,2023-06-20,0
821,BH JRI 06,2023-06-20,0
822,BH JRI 07,2023-06-20,0
823,BH JRI 08,2023-06-20,0
824,BH JRI 09,2023-06-20,0
825,STM ST OR 01,2023-06-20,0
826,STM ST OR 02,2023-06-20,0
827,STM ST OR 03,2023-06-20,0
828,STM ST OR 04,2023-06-20,0
829,STM ST OR 05,2023-06-20,0
830,STM ST OR 06,2023-06-20,0
831,STM ST OR 07,2023-06-20,0
832,STM ST OR 08,2023-06-20,0
833,STM ST OR 09,2023-06-20,0
834,STM ST OR 10,2023-06-20,0
835,STM ST OR 11,2023-06-20,0
836,STM ST OR 12,2023-06-20,0
837,STM ST OR 14,2023-06-20,0
838,STM ST OR 15,2023-06-20,0
839,STM ST OR 16,2023-06-20,0
840,STM ST OR 17,2023-06-20,0
841,STM ST OR 18,2023-06-20,0
842,STM ST OR Hybrid,2023-06-20,0
843,MT Cysto,2023-06-20,0
844,MT OR 01,2023-06-20,0
845,MT OR 02,2023-06-20,0
846,MT OR 03,2023-06-20,0
847,MT OR 04,2023-06-20,0
848,MT OR 05,2023-06-20,0
849,MT OR 06,2023-06-20,0
850,MT OR 07,2023-06-20,0
851,MT OR 08,2023-06-20,0
852,MT OR 09,2023-06-20,0
853,MT OR 10,2023-06-20,0
854,MT OR 11,2023-06-20,0
855,MT OR 12,2023-06-20,0
856,MT OR 14,2023-06-20,0
857,MT OR 15,2023-06-20,0
858,MT OR 16,2023-06-20,0
859,MT OR 17,2023-06-20,0
860,BH JRI 02,2023-06-21,0
861,BH JRI 03,2023-06-21,0
862,BH JRI 04,2023-06-21,0
863,BH JRI 05,2023-06-21,0
864,BH JRI 06,2023-06-21,0
865,BH JRI 07,2023-06-21,0
866,BH JRI 08,2023-06-21,0
867,BH JRI 09,2023-06-21,0
868,STM ST OR 01,2023-06-21,0
869,STM ST OR 02,2023-06-21,0
870,STM ST OR 03,2023-06-21,0
871,STM ST OR 04,2023-06-21,0
872,STM ST OR 05,2023-06-21,0
873,STM ST OR 06,2023-06-21,0
874,STM ST OR 07,2023-06-21,0
875,STM ST OR 08,2023-06-21,0
876,STM ST OR 09,2023-06-21,0
877,STM ST OR 10,2023-06-21,0
878,STM ST OR 11,2023-06-21,0
879,STM ST OR 12,2023-06-21,0
880,STM ST OR 14,2023-06-21,0
881,STM ST OR 15,2023-06-21,0
882,STM ST OR 16,2023-06-21,0
883,STM ST OR 17,2023-06-21,0
884,STM ST OR 18,2023-06-21,0
885,STM ST OR Hybrid,2023-06-21,0
886,MT Cysto,2023-06-21,0
887,MT OR 01,2023-06-21,0
888,MT OR 02,2023-06-21,0
889,MT OR 03,2023-06-21,0
890,MT OR 04,2023-06-21,0
891,MT OR 05,2023-06-21,0
892,MT OR 06,2023-06-21,0
893,MT OR 07,2023-06-21,0
894,MT OR 08,2023-06-21,0
895,MT OR 09,2023-06-21,0
896,MT OR 10,2023-06-21,0
897,MT OR 11,2023-06-21,0
898,MT OR 12,2023-06-21,0
899,MT OR 14,2023-06-21,0
900,MT OR 15,2023-06-21,0
901,MT OR 16,2023-06-21,0
902,MT OR 17,2023-06-21,0
903,BH JRI 02,2023-06-22,0
904,BH JRI 03,2023-06-22,0
905,BH JRI 04,2023-06-22,0
906,BH JRI 05,2023-06-22,0
907,BH JRI 06,2023-06-22,0
908,BH JRI 07,2023-06-22,0
909,BH JRI 08,2023-06-22,0
910,BH JRI 09,2023-06-22,0
911,STM ST OR 01,2023-06-22,0
912,STM ST OR 02,2023-06-22,0
913,STM ST OR 03,2023-06-22,0
914,STM ST OR 04,2023-06-22,0
915,STM ST OR 05,2023-06-22,0
916,STM ST OR 06,2023-06-22,0
917,STM ST OR 07,2023-06-22,0
918,STM ST OR 08,2023-06-22,0
919,STM ST OR 09,2023-06-22,0
920,STM ST OR 10,2023-06-22,0
921,STM ST OR 11,2023-06-22,0
922,STM ST OR 12,2023-06-22,0
923,STM ST OR 14,2023-06-22,0
924,STM ST OR 15,2023-06-22,0
925,STM ST OR 16,2023-06-22,0
926,STM ST OR 17,2023-06-22,0
927,STM ST OR 18,2023-06-22,0
928,STM ST OR Hybrid,2023-06-22,0
929,MT Cysto,2023-06-22,0
930,MT OR 01,2023-06-22,0
931,MT OR 02,2023-06-22,0
932,MT OR 03,2023-06-22,0
933,MT OR 04,2023-06-22,0
934,MT OR 05,2023-06-22,0
935,MT OR 06,2023-06-22,0
936,MT OR 07,2023-06-22,0
937,MT OR 08,2023-06-22,0
938,MT OR 09,2023-06-22,0
939,MT OR 10,2023-06-22,0
940,MT OR 11,2023-06-22,0
941,MT OR 12,2023-06-22,0
942,MT OR 14,2023-06-22,0
943,MT OR 15,2023-06-22,0
944,MT OR 16,2023-06-22,0
945,MT OR 17,2023-06-22,0
946,BH JRI 02,2023-06-23,0
947,BH JRI 03,2023-06-23,0
948,BH JRI 04,2023-06-23,0
949,BH JRI 05,2023-06-23,0
950,BH JRI 06,2023-06-23,0
951,BH JRI 07,2023-06-23,0
952,BH JRI 08,2023-06-23,0
953,BH JRI 09,2023-06-23,0
954,STM ST OR 01,2023-06-23,0
955,STM ST OR 02,2023-06-23,0
956,STM ST OR 03,2023-06-23,0
957,STM ST OR 04,2023-06-23,0
958,STM ST OR 05,2023-06-23,0
959,STM ST OR 06,2023-06-23,0
960,STM ST OR 07,2023-06-23,0
961,STM ST OR 08,2023-06-23,0
962,STM ST OR 09,2023-06-23,0
963,STM ST OR 10,2023-06-23,0
964,STM ST OR 11,2023-06-23,0
965,STM ST OR 12,2023-06-23,0
966,STM ST OR 14,2023-06-23,0
967,STM ST OR 15,2023-06-23,0
968,STM ST OR 16,2023-06-23,0
969,STM ST OR 17,2023-06-23,0
970,STM ST OR 18,2023-06-23,0
971,STM ST OR Hybrid,2023-06-23,0
972,MT Cysto,2023-06-23,0
973,MT OR 01,2023-06-23,0
974,MT OR 02,2023-06-23,0
975,MT OR 03,2023-06-23,0
976,MT OR 04,2023-06-23,0
977,MT OR 05,2023-06-23,0
978,MT OR 06,2023-06-23,0
979,MT OR 07,2023-06-23,0
980,MT OR 08,2023-06-23,0
981,MT OR 09,2023-06-23,0
982,MT OR 10,2023-06-23,0
983,MT OR 11,2023-06-23,0
984,MT OR 12,2023-06-23,0
985,MT OR 14,2023-06-23,0
986,MT OR 15,2023-06-23,0
987,MT OR 16,2023-06-23,0
988,MT OR 17,2023-06-23,0
989,BH JRI 02,2023-06-24,0
990,BH JRI 03,2023-06-24,0
991,BH JRI 04,2023-06-24,0
992,BH JRI 05,2023-06-24,0
993,BH JRI 06,2023-06-24,0
994,BH JRI 07,2023-06-24,0
995,BH JRI 08,2023-06-24,0
996,BH JRI 09,2023-06-24,0
997,STM ST OR 01,2023-06-24,0
998,STM ST OR 02,2023-06-24,0
999,STM ST OR 03,2023-06-24,0
1000,STM ST OR 04,2023-06-24,0
1001,STM ST OR 05,2023-06-24,0
1002,STM ST OR 06,2023-06-24,0
1003,STM ST OR 07,2023-06-24,0
1004,STM ST OR 08,2023-06-24,0
1005,STM ST OR 09,2023-06-24,0
1006,STM ST OR 10,2023-06-24,0
1007,STM ST OR 11,2023-06-24,0
1008,STM ST OR 12,2023-06-24,0
1009,STM ST OR 14,2023-06-24,0
1010,STM ST OR 15,2023-06-24,0
1011,STM ST OR 16,2023-06-24,0
1012,STM ST OR 17,2023-06-24,0
1013,STM ST OR 18,2023-06-24,0
1014,STM ST OR Hybrid,2023-06-24,0
1015,MT Cysto,2023-06-24,0
1016,MT OR 01,2023-06-24,0
1017,MT OR 02,2023-06-24,0
1018,MT OR 03,2023-06-24,0
1019,MT OR 04,2023-06-24,0
1020,MT OR 05,2023-06-24,0
1021,MT OR 06,2023-06-24,0
1022,MT OR 07,2023-06-24,0
1023,MT OR 08,2023-06-24,0
1024,MT OR 09,2023-06-24,0
1025,MT OR 10,2023-06-24,0
1026,MT OR 11,2023-06-24,0
1027,MT OR 12,2023-06-24,0
1028,MT OR 14,2023-06-24,0
1029,MT OR 15,2023-06-24,0
1030,MT OR 16,2023-06-24,0
1031,MT OR 17,2023-06-24,0
1032,BH JRI 02,2023-06-25,0
1033,BH JRI 03,2023-06-25,0
1034,BH JRI 04,2023-06-25,0
1035,BH JRI 05,2023-06-25,0
1036,BH JRI 06,2023-06-25,0
1037,BH JRI 07,2023-06-25,0
1038,BH JRI 08,2023-06-25,0
1039,BH JRI 09,2023-06-25,0
1040,STM ST OR 01,2023-06-25,0
1041,STM ST OR 02,2023-06-25,0
1042,STM ST OR 03,2023-06-25,0
1043,STM ST OR 04,2023-06-25,0
1044,STM ST OR 05,2023-06-25,0
1045,STM ST OR 06,2023-06-25,0
1046,STM ST OR 07,2023-06-25,0
1047,STM ST OR 08,2023-06-25,0
1048,STM ST OR 09,2023-06-25,0
1049,STM ST OR 10,2023-06-25,0
1050,STM ST OR 11,2023-06-25,0
1051,STM ST OR 12,2023-06-25,0
1052,STM ST OR 14,2023-06-25,0
1053,STM ST OR 15,2023-06-25,0
1054,STM ST OR 16,2023-06-25,0
1055,STM ST OR 17,2023-06-25,0
1056,STM ST OR 18,2023-06-25,0
1057,STM ST OR Hybrid,2023-06-25,0
1058,MT Cysto,2023-06-25,0
1059,MT OR 01,2023-06-25,0
1060,MT OR 02,2023-06-25,0
1061,MT OR 03,2023-06-25,0
1062,MT OR 04,2023-06-25,0
1063,MT OR 05,2023-06-25,0
1064,MT OR 06,2023-06-25,0
1065,MT OR 07,2023-06-25,0
1066,MT OR 08,2023-06-25,0
1067,MT OR 09,2023-06-25,0
1068,MT OR 10,2023-06-25,0
1069,MT OR 11,2023-06-25,0
1070,MT OR 12,2023-06-25,0
1071,MT OR 14,2023-06-25,0
1072,MT OR 15,2023-06-25,0
1073,MT OR 16,2023-06-25,0
1074,MT OR 17,2023-06-25,0
1075,BH JRI 02,2023-06-26,0
1076,BH JRI 03,2023-06-26,0
1077,BH JRI 04,2023-06-26,0
1078,BH JRI 05,2023-06-26,0
1079,BH JRI 06,2023-06-26,0
1080,BH JRI 07,2023-06-26,0
1081,BH JRI 08,2023-06-26,0
1082,BH JRI 09,2023-06-26,0
1083,STM ST OR 01,2023-06-26,0
1084,STM ST OR 02,2023-06-26,0
1085,STM ST OR 03,2023-06-26,0
1086,STM ST OR 04,2023-06-26,0
1087,STM ST OR 05,2023-06-26,0
1088,STM ST OR 06,2023-06-26,0
1089,STM ST OR 07,2023-06-26,0
1090,STM ST OR 08,2023-06-26,0
1091,STM ST OR 09,2023-06-26,0
1092,STM ST OR 10,2023-06-26,0
1093,STM ST OR 11,2023-06-26,0
1094,STM ST OR 12,2023-06-26,0
1095,STM ST OR 14,2023-06-26,0
1096,STM ST OR 15,2023-06-26,0
1097,STM ST OR 16,2023-06-26,0
1098,STM ST OR 17,2023-06-26,0
1099,STM ST OR 18,2023-06-26,0
1100,STM ST OR Hybrid,2023-06-26,0
1101,MT Cysto,2023-06-26,0
1102,MT OR 01,2023-06-26,0
1103,MT OR 02,2023-06-26,0
1104,MT OR 03,2023-06-26,0
1105,MT OR 04,2023-06-26,0
1106,MT OR 05,2023-06-26,0
1107,MT OR 06,2023-06-26,0
1108,MT OR 07,2023-06-26,0
1109,MT OR 08,2023-06-26,0
1110,MT OR 09,2023-06-26,0
1111,MT OR 10,2023-06-26,0
1112,MT OR 11,2023-06-26,0
1113,MT OR 12,2023-06-26,0
1114,MT OR 14,2023-06-26,0
1115,MT OR 15,2023-06-26,0
1116,MT OR 16,2023-06-26,0
1117,MT OR 17,2023-06-26,0
1118,BH JRI 02,2023-06-27,0
1119,BH JRI 03,2023-06-27,0
1120,BH JRI 04,2023-06-27,0
1121,BH JRI 05,2023-06-27,0
1122,BH JRI 06,2023-06-27,0
1123,BH JRI 07,2023-06-27,0
1124,BH JRI 08,2023-06-27,0
1125,BH JRI 09,2023-06-27,0
1126,STM ST OR 01,2023-06-27,0
1127,STM ST OR 02,2023-06-27,0
1128,STM ST OR 03,2023-06-27,0
1129,STM ST OR 04,2023-06-27,0
1130,STM ST OR 05,2023-06-27,0
1131,STM ST OR 06,2023-06-27,0
1132,STM ST OR 07,2023-06-27,0
1133,STM ST OR 08,2023-06-27,0
1134,STM ST OR 09,2023-06-27,0
1135,STM ST OR 10,2023-06-27,0
1136,STM ST OR 11,2023-06-27,0
1137,STM ST OR 12,2023-06-27,0
1138,STM ST OR 14,2023-06-27,0
1139,STM ST OR 15,2023-06-27,0
1140,STM ST OR 16,2023-06-27,0
1141,STM ST OR 17,2023-06-27,0
1142,STM ST OR 18,2023-06-27,0
1143,STM ST OR Hybrid,2023-06-27,0
1144,MT Cysto,2023-06-27,0
1145,MT OR 01,2023-06-27,0
1146,MT OR 02,2023-06-27,0
1147,MT OR 03,2023-06-27,0
1148,MT OR 04,2023-06-27,0
1149,MT OR 05,2023-06-27,0
1150,MT OR 06,2023-06-27,0
1151,MT OR 07,2023-06-27,0
1152,MT OR 08,2023-06-27,0
1153,MT OR 09,2023-06-27,0
1154,MT OR 10,2023-06-27,0
1155,MT OR 11,2023-06-27,0
1156,MT OR 12,2023-06-27,0
1157,MT OR 14,2023-06-27,0
1158,MT OR 15,2023-06-27,0
1159,MT OR 16,2023-06-27,0
1160,MT OR 17,2023-06-27,0
1161,BH JRI 02,2023-06-28,0
1162,BH JRI 03,2023-06-28,0
1163,BH JRI 04,2023-06-28,0
1164,BH JRI 05,2023-06-28,0
1165,BH JRI 06,2023-06-28,0
1166,BH JRI 07,2023-06-28,0
1167,BH JRI 08,2023-06-28,0
1168,BH JRI 09,2023-06-28,0
1169,STM ST OR 01,2023-06-28,0
1170,STM ST OR 02,2023-06-28,0
1171,STM ST OR 03,2023-06-28,0
1172,STM ST OR 04,2023-06-28,0
1173,STM ST OR 05,2023-06-28,0
1174,STM ST OR 06,2023-06-28,0
1175,STM ST OR 07,2023-06-28,0
1176,STM ST OR 08,2023-06-28,0
1177,STM ST OR 09,2023-06-28,0
1178,STM ST OR 10,2023-06-28,0
1179,STM ST OR 11,2023-06-28,0
1180,STM ST OR 12,2023-06-28,0
1181,STM ST OR 14,2023-06-28,0
1182,STM ST OR 15,2023-06-28,0
1183,STM ST OR 16,2023-06-28,0
1184,STM ST OR 17,2023-06-28,0
1185,STM ST OR 18,2023-06-28,0
1186,STM ST OR Hybrid,2023-06-28,0
1187,MT Cysto,2023-06-28,0
1188,MT OR 01,2023-06-28,0
1189,MT OR 02,2023-06-28,0
1190,MT OR 03,2023-06-28,0
1191,MT OR 04,2023-06-28,0
1192,MT OR 05,2023-06-28,0
1193,MT OR 06,2023-06-28,0
1194,MT OR 07,2023-06-28,0
1195,MT OR 08,2023-06-28,0
1196,MT OR 09,2023-06-28,0
1197,MT OR 10,2023-06-28,0
1198,MT OR 11,2023-06-28,0
1199,MT OR 12,2023-06-28,0
1200,MT OR 14,2023-06-28,0
1201,MT OR 15,2023-06-28,0
1202,MT OR 16,2023-06-28,0
1203,MT OR 17,2023-06-28,0
1204,BH JRI 02,2023-06-29,0
1205,BH JRI 03,2023-06-29,0
1206,BH JRI 04,2023-06-29,0
1207,BH JRI 05,2023-06-29,0
1208,BH JRI 06,2023-06-29,0
1209,BH JRI 07,2023-06-29,0
1210,BH JRI 08,2023-06-29,0
1211,BH JRI 09,2023-06-29,0
1212,STM ST OR 01,2023-06-29,0
1213,STM ST OR 02,2023-06-29,0
1214,STM ST OR 03,2023-06-29,0
1215,STM ST OR 04,2023-06-29,0
1216,STM ST OR 05,2023-06-29,0
1217,STM ST OR 06,2023-06-29,0
1218,STM ST OR 07,2023-06-29,0
1219,STM ST OR 08,2023-06-29,0
1220,STM ST OR 09,2023-06-29,0
1221,STM ST OR 10,2023-06-29,0
1222,STM ST OR 11,2023-06-29,0
1223,STM ST OR 12,2023-06-29,0
1224,STM ST OR 14,2023-06-29,0
1225,STM ST OR 15,2023-06-29,0
1226,STM ST OR 16,2023-06-29,0
1227,STM ST OR 17,2023-06-29,0
1228,STM ST OR 18,2023-06-29,0
1229,STM ST OR Hybrid,2023-06-29,0
1230,MT Cysto,2023-06-29,0
1231,MT OR 01,2023-06-29,0
1232,MT OR 02,2023-06-29,0
1233,MT OR 03,2023-06-29,0
1234,MT OR 04,2023-06-29,0
1235,MT OR 05,2023-06-29,0
1236,MT OR 06,2023-06-29,0
1237,MT OR 07,2023-06-29,0
1238,MT OR 08,2023-06-29,0
1239,MT OR 09,2023-06-29,0
1240,MT OR 10,2023-06-29,0
1241,MT OR 11,2023-06-29,0
1242,MT OR 12,2023-06-29,0
1243,MT OR 14,2023-06-29,0
1244,MT OR 15,2023-06-29,0
1245,MT OR 16,2023-06-29,0
1246,MT OR 17,2023-06-29,0
1247,BH JRI 02,2023-06-30,0
1248,BH JRI 03,2023-06-30,0
1249,BH JRI 04,2023-06-30,0
1250,BH JRI 05,2023-06-30,0
1251,BH JRI 06,2023-06-30,0
1252,BH JRI 07,2023-06-30,0
1253,BH JRI 08,2023-06-30,0
1254,BH JRI 09,2023-06-30,0
1255,STM ST OR 01,2023-06-30,0
1256,STM ST OR 02,2023-06-30,0
1257,STM ST OR 03,2023-06-30,0
1258,STM ST OR 04,2023-06-30,0
1259,STM ST OR 05,2023-06-30,0
1260,STM ST OR 06,2023-06-30,0
1261,STM ST OR 07,2023-06-30,0
1262,STM ST OR 08,2023-06-30,0
1263,STM ST OR 09,2023-06-30,0
1264,STM ST OR 10,2023-06-30,0
1265,STM ST OR 11,2023-06-30,0
1266,STM ST OR 12,2023-06-30,0
1267,STM ST OR 14,2023-06-30,0
1268,STM ST OR 15,2023-06-30,0
1269,STM ST OR 16,2023-06-30,0
1270,STM ST OR 17,2023-06-30,0
1271,STM ST OR 18,2023-06-30,0
1272,STM ST OR Hybrid,2023-06-30,0
1273,MT Cysto,2023-06-30,0
1274,MT OR 01,2023-06-30,0
1275,MT OR 02,2023-06-30,0
1276,MT OR 03,2023-06-30,0
1277,MT OR 04,2023-06-30,0
1278,MT OR 05,2023-06-30,0
1279,MT OR 06,2023-06-30,0
1280,MT OR 07,2023-06-30,0
1281,MT OR 08,2023-06-30,0
1282,MT OR 09,2023-06-30,0
1283,MT OR 10,2023-06-30,0
1284,MT OR 11,2023-06-30,0
1285,MT OR 12,2023-06-30,0
1286,MT OR 14,2023-06-30,0
1287,MT OR 15,2023-06-30,0
1288,MT OR 16,2023-06-30,0
1289,MT OR 17,2023-06-30,0
